bib,name,team,link,image,country,birth,age,sprint,stages_victory,victories,podiums,stage_1,stage_2,stage_3,stage_4,stage_5,stage_6,stage_7,stage_8,stage_9,stage_10,stage_11,stage_12,stage_13,stage_14,stage_15,stage_16,stage_17,stage_18,stage_19,stage_20,stage_21
1,JONAS VINGEGAARD,JUMBO-VISMA,https://www.letour.fr/en/rider/1/jumbo-visma/jonas-vingegaard,"https://img.aso.fr/core_app/img-cycling-tdf-png/1/46724/0:0,660:1000-300-0-70/aa3b1",DEN,1996-10-12,26,1,1,26,57,9,16,43,25,5,2,22,18,14,21,18,16,4,3,17,1,-,-,-,-,-
2,TIESJ BENOOT,JUMBO-VISMA,https://www.letour.fr/en/rider/2/jumbo-visma/tiesj-benoot,"https://img.aso.fr/core_app/img-cycling-tdf-png/2/46727/0:0,660:1000-300-0-70/2e4a7",BEL,1994-03-11,29,0,0,7,42,55,12,86,85,23,58,145,138,104,46,61,4,63,26,31,85,-,-,-,-,-
3,WILCO KELDERMAN,JUMBO-VISMA,https://www.letour.fr/en/rider/3/jumbo-visma/wilco-kelderman,"https://img.aso.fr/core_app/img-cycling-tdf-png/3/46725/0:0,660:1000-300-0-70/122df",NED,1991-03-25,32,0,0,17,62,14,21,75,88,32,26,63,109,38,43,104,31,43,16,37,59,-,-,-,-,-
4,SEPP KUSS,JUMBO-VISMA,https://www.letour.fr/en/rider/4/jumbo-visma/sepp-kuss,"https://img.aso.fr/core_app/img-cycling-tdf-png/4/46730/0:0,660:1000-300-0-70/80a18",USA,1994-09-13,28,0,0,8,15,31,30,95,62,12,14,50,33,20,30,46,22,12,5,20,14,-,-,-,-,-
5,CHRISTOPHE LAPORTE,JUMBO-VISMA,https://www.letour.fr/en/rider/5/jumbo-visma/christophe-laporte,"https://img.aso.fr/core_app/img-cycling-tdf-png/5/46726/0:0,660:1000-300-0-70/cb4ea",FRA,1992-12-11,30,0,0,30,64,152,124,37,18,94,110,23,42,136,87,41,60,135,64,122,55,-,-,-,-,-
6,WOUT VAN AERT,JUMBO-VISMA,https://www.letour.fr/en/rider/6/jumbo-visma/wout-van-aert,"https://img.aso.fr/core_app/img-cycling-tdf-png/6/46728/0:0,660:1000-300-0-70/f2084",BEL,1994-09-15,28,0,0,41,95,11,2,5,9,42,25,148,3,55,34,9,62,131,17,2,3,-,-,-,-,-
7,DYLAN VAN BAARLE,JUMBO-VISMA,https://www.letour.fr/en/rider/7/jumbo-visma/dylan-van-baarle,"https://img.aso.fr/core_app/img-cycling-tdf-png/7/46729/0:0,660:1000-300-0-70/79876",NED,1992-05-21,31,0,0,25,52,73,43,150,126,61,60,146,168,73,56,147,28,39,27,51,23,-,-,-,-,-
8,NATHAN VAN HOOYDONCK,JUMBO-VISMA,https://www.letour.fr/en/rider/8/jumbo-visma/nathan-van-hooydonck,"https://img.aso.fr/core_app/img-cycling-tdf-png/8/46732/0:0,660:1000-300-0-70/f7628",BEL,1995-10-12,27,0,0,4,28,79,92,71,114,85,89,133,139,121,95,56,88,132,65,151,74,-,-,-,-,-
11,TADEJ POGAČAR,UAE TEAM EMIRATES,https://www.letour.fr/en/rider/11/uae-team-emirates/tadej-pogacar,"https://img.aso.fr/core_app/img-cycling-tdf-png/11/46731/0:0,660:1000-300-0-70/8fe63",SLO,1998-09-21,24,1,1,68,114,3,3,58,24,8,1,25,10,13,27,20,12,3,2,16,2,-,-,-,-,-
12,MIKKEL BJERG,UAE TEAM EMIRATES,https://www.letour.fr/en/rider/12/uae-team-emirates/mikkel-bjerg,"https://img.aso.fr/core_app/img-cycling-tdf-png/12/46735/0:0,660:1000-300-0-70/e26ad",DEN,1998-11-03,24,0,0,11,32,107,169,172,171,101,96,166,156,124,122,169,116,146,126,54,87,-,-,-,-,-
14,FELIX GROSSSCHARTNER,UAE TEAM EMIRATES,https://www.letour.fr/en/rider/14/uae-team-emirates/felix-grossschartner,"https://img.aso.fr/core_app/img-cycling-tdf-png/14/46733/0:0,660:1000-300-0-70/aef63",AUT,1993-12-23,29,0,0,8,24,44,78,100,87,79,30,150,128,35,45,94,43,31,18,36,57,-,-,-,-,-
15,VEGARD STAKE LAENGEN,UAE TEAM EMIRATES,https://www.letour.fr/en/rider/15/uae-team-emirates/vegard-stake-laengen,"https://img.aso.fr/core_app/img-cycling-tdf-png/15/46736/0:0,660:1000-300-0-70/d8736",NOR,1989-02-07,34,0,0,6,22,137,151,121,67,102,103,52,158,88,66,137,94,105,92,76,47,-,-,-,-,-
16,RAFAL MAJKA,UAE TEAM EMIRATES,https://www.letour.fr/en/rider/16/uae-team-emirates/rafal-majka,"https://img.aso.fr/core_app/img-cycling-tdf-png/16/46734/0:0,660:1000-300-0-70/20b20",POL,1989-09-12,33,0,0,16,54,41,31,96,135,55,28,118,89,36,35,138,37,28,14,24,53,-,-,-,-,-
17,MARC SOLER,UAE TEAM EMIRATES,https://www.letour.fr/en/rider/17/uae-team-emirates/marc-soler,"https://img.aso.fr/core_app/img-cycling-tdf-png/17/46739/0:0,660:1000-300-0-70/f8629",ESP,1993-11-22,29,0,0,8,26,71,95,146,165,104,86,132,88,45,129,162,71,42,34,21,130,-,-,-,-,-
18,MATTEO TRENTIN,UAE TEAM EMIRATES,https://www.letour.fr/en/rider/18/uae-team-emirates/matteo-trentin,"https://img.aso.fr/core_app/img-cycling-tdf-png/18/46737/0:0,660:1000-300-0-70/cce18",ITA,1989-08-02,33,0,0,35,85,129,173,53,23,130,98,24,55,150,126,19,70,144,150,99,67,-,-,-,-,-
19,ADAM YATES,UAE TEAM EMIRATES,https://www.letour.fr/en/rider/19/uae-team-emirates/adam-yates,"https://img.aso.fr/core_app/img-cycling-tdf-png/19/46738/0:0,660:1000-300-0-70/7fbe7",GBR,1992-08-07,30,1,1,21,70,1,19,66,46,15,9,33,31,18,36,47,18,10,4,18,7,-,-,-,-,-
21,EGAN BERNAL,INEOS GRENADIERS,https://www.letour.fr/en/rider/21/ineos-grenadiers/egan-bernal-gomez,"https://img.aso.fr/core_app/img-cycling-tdf-png/21/46740/0:0,660:1000-300-0-70/3cace",COL,1997-01-13,26,0,0,27,59,23,20,61,99,33,39,152,143,41,59,164,21,49,30,108,135,-,-,-,-,-
22,JONATHAN CASTROVIEJO,INEOS GRENADIERS,https://www.letour.fr/en/rider/22/ineos-grenadiers/jonathan-castroviejo-nicolas,"https://img.aso.fr/core_app/img-cycling-tdf-png/22/46741/0:0,660:1000-300-0-70/bbad3",ESP,1987-04-27,36,0,0,14,44,42,36,103,98,35,27,84,66,30,50,93,20,25,15,29,11,-,-,-,-,-
23,OMAR FRAILE MATARRANZ,INEOS GRENADIERS,https://www.letour.fr/en/rider/23/ineos-grenadiers/omar-fraile-matarranz,"https://img.aso.fr/core_app/img-cycling-tdf-png/23/46743/0:0,660:1000-300-0-70/22614",ESP,1990-07-17,33,0,0,8,21,82,85,130,110,36,67,151,116,140,81,88,50,78,75,59,104,-,-,-,-,-
24,MICHAL KWIATKOWSKI,INEOS GRENADIERS,https://www.letour.fr/en/rider/24/ineos-grenadiers/michal-kwiatkowski,"https://img.aso.fr/core_app/img-cycling-tdf-png/24/46742/0:0,660:1000-300-0-70/7da1e",POL,1990-06-02,33,1,1,48,114,74,68,143,68,76,17,51,144,116,8,51,100,1,80,136,89,-,-,-,-,-
25,DANIEL FELIPE MARTINEZ POVEDA,INEOS GRENADIERS,https://www.letour.fr/en/rider/25/ineos-grenadiers/daniel-felipe-martinez-poveda,"https://img.aso.fr/core_app/img-cycling-tdf-png/25/46744/0:0,660:1000-300-0-70/50502",COL,1996-04-25,27,0,0,15,34,56,65,169,150,7,76,154,152,54,80,143,41,67,60,DNF.,-,-,-,-,-,-
26,THOMAS PIDCOCK,INEOS GRENADIERS,https://www.letour.fr/en/rider/26/ineos-grenadiers/thomas-pidcock,"https://img.aso.fr/core_app/img-cycling-tdf-png/26/46745/0:0,660:1000-300-0-70/92e0f",GBR,1999-07-30,23,0,0,17,38,29,4,42,66,17,12,16,19,16,33,28,29,5,12,28,48,-,-,-,-,-
27,CARLOS RODRIGUEZ CANO,INEOS GRENADIERS,https://www.letour.fr/en/rider/27/ineos-grenadiers/carlos-rodriguez-cano,"https://img.aso.fr/core_app/img-cycling-tdf-png/27/46747/0:0,660:1000-300-0-70/1f7e9",ESP,2001-02-02,22,1,1,10,22,13,17,34,55,10,7,20,27,17,32,44,23,11,1,19,12,-,-,-,-,-
28,BEN TURNER,INEOS GRENADIERS,https://www.letour.fr/en/rider/28/ineos-grenadiers/ben-turner,"https://img.aso.fr/core_app/img-cycling-tdf-png/28/46750/0:0,660:1000-300-0-70/f5739",GBR,1999-05-28,24,0,0,1,7,143,134,110,65,90,116,169,135,115,118,39,99,DNF.,-,-,-,-,-,-,-,-
31,DAVID GAUDU,GROUPAMA - FDJ,https://www.letour.fr/en/rider/31/groupama-fdj/david-gaudu,"https://img.aso.fr/core_app/img-cycling-tdf-png/31/46748/0:0,660:1000-300-0-70/93652",FRA,1996-10-10,26,0,0,15,36,10,22,72,48,9,13,40,20,25,31,23,24,16,11,22,10,-,-,-,-,-
32,KÉVIN GENIETS,GROUPAMA - FDJ,https://www.letour.fr/en/rider/32/groupama-fdj/kevin-geniets,"https://img.aso.fr/core_app/img-cycling-tdf-png/32/46752/0:0,660:1000-300-0-70/7e073",LUX,1997-01-09,26,0,0,6,14,95,64,115,81,47,48,87,35,52,144,91,19,38,25,40,51,-,-,-,-,-
33,STEFAN KÜNG,GROUPAMA - FDJ,https://www.letour.fr/en/rider/33/groupama-fdj/stefan-kueng,"https://img.aso.fr/core_app/img-cycling-tdf-png/33/46749/0:0,660:1000-300-0-70/70f80",SUI,1993-11-16,29,0,0,36,69,100,63,83,43,66,75,46,52,59,19,49,64,70,50,75,18,-,-,-,-,-
34,OLIVIER LE GAC,GROUPAMA - FDJ,https://www.letour.fr/en/rider/34/groupama-fdj/olivier-le-gac,"https://img.aso.fr/core_app/img-cycling-tdf-png/34/46746/0:0,660:1000-300-0-70/70819",FRA,1993-08-27,29,0,0,5,15,163,168,135,96,142,125,28,147,111,136,82,126,86,101,55,75,-,-,-,-,-
35,VALENTIN MADOUAS,GROUPAMA - FDJ,https://www.letour.fr/en/rider/35/groupama-fdj/valentin-madouas,"https://img.aso.fr/core_app/img-cycling-tdf-png/35/46753/0:0,660:1000-300-0-70/0ee98",FRA,1996-07-12,27,0,0,9,25,20,41,80,40,14,43,54,22,32,26,65,25,30,22,68,28,-,-,-,-,-
36,QUENTIN PACHER,GROUPAMA - FDJ,https://www.letour.fr/en/rider/36/groupama-fdj/quentin-pacher,"https://img.aso.fr/core_app/img-cycling-tdf-png/36/46751/0:0,660:1000-300-0-70/285f8",FRA,1992-01-06,31,0,0,2,11,88,84,77,42,67,54,68,17,43,76,123,144,37,70,69,81,-,-,-,-,-
37,THIBAUT PINOT,GROUPAMA - FDJ,https://www.letour.fr/en/rider/37/groupama-fdj/thibaut-pinot,"https://img.aso.fr/core_app/img-cycling-tdf-png/37/46755/0:0,660:1000-300-0-70/70e20",FRA,1990-05-29,33,0,0,37,107,4,40,79,80,20,20,53,45,23,48,54,6,21,20,6,33,-,-,-,-,-
38,LARS VAN DEN BERG,GROUPAMA - FDJ,https://www.letour.fr/en/rider/38/groupama-fdj/lars-van-den-berg,"https://img.aso.fr/core_app/img-cycling-tdf-png/38/46756/0:0,660:1000-300-0-70/68302",NED,1998-07-07,25,0,0,0,6,138,90,152,102,63,66,80,84,139,62,144,17,93,82,150,45,-,-,-,-,-
41,RICHARD CARAPAZ,EF EDUCATION - EASYPOST,https://www.letour.fr/en/rider/41/ef-education-easypost/richard-carapaz,"https://img.aso.fr/core_app/img-cycling-tdf-png/41/46754/0:0,660:1000-300-0-70/5aa36",ECU,1993-05-29,30,0,0,20,46,153,DNF.,-,-,-,-,-,-,-,-,-,-,-,-,-,-,-,-,-,-,-
42,ANDREY AMADOR,EF EDUCATION - EASYPOST,https://www.letour.fr/en/rider/42/ef-education-easypost/andrey-amador,"https://img.aso.fr/core_app/img-cycling-tdf-png/42/46759/0:0,660:1000-300-0-70/ae3bc",CRC,1986-08-29,36,0,0,4,21,149,121,142,157,105,109,136,124,128,128,158,72,83,94,106,142,-,-,-,-,-
43,ALBERTO BETTIOL,EF EDUCATION - EASYPOST,https://www.letour.fr/en/rider/43/ef-education-easypost/alberto-bettiol,"https://img.aso.fr/core_app/img-cycling-tdf-png/43/46758/0:0,660:1000-300-0-70/0745c",ITA,1993-10-29,29,0,0,7,28,47,24,137,148,82,124,135,47,130,112,127,159,85,133,98,137,-,-,-,-,-
44,JHOAN ESTEBAN CHAVES,EF EDUCATION - EASYPOST,https://www.letour.fr/en/rider/44/ef-education-easypost/jhoan-esteban-chaves-rubio,"https://img.aso.fr/core_app/img-cycling-tdf-png/44/46761/0:0,660:1000-300-0-70/4c808",COL,1990-01-17,33,0,0,18,39,61,74,112,82,71,57,73,48,117,5,50,97,103,DNF.,-,-,-,-,-,-,-
45,MAGNUS CORT NIELSEN,EF EDUCATION - EASYPOST,https://www.letour.fr/en/rider/45/ef-education-easypost/magnus-cort-nielsen,"https://img.aso.fr/core_app/img-cycling-tdf-png/45/46760/0:0,660:1000-300-0-70/5feef",DEN,1993-01-16,30,0,0,40,78,151,79,153,156,93,90,134,127,145,16,115,89,136,90,65,151,-,-,-,-,-
46,NEILSON POWLESS,EF EDUCATION - EASYPOST,https://www.letour.fr/en/rider/46/ef-education-easypost/neilson-powless,"https://img.aso.fr/core_app/img-cycling-tdf-png/46/46757/0:0,660:1000-300-0-70/c2a6b",USA,1996-09-03,26,0,0,11,33,46,75,155,149,106,11,147,114,6,125,163,111,114,74,49,108,-,-,-,-,-
47,JAMES SHAW,EF EDUCATION - EASYPOST,https://www.letour.fr/en/rider/47/ef-education-easypost/james-shaw,"https://img.aso.fr/core_app/img-cycling-tdf-png/47/46765/0:0,660:1000-300-0-70/0594b",GBR,1996-06-13,27,0,0,1,7,87,120,167,159,87,5,157,123,99,58,139,160,7,DNF.,-,-,-,-,-,-,-
48,RIGOBERTO URAN,EF EDUCATION - EASYPOST,https://www.letour.fr/en/rider/48/ef-education-easypost/rigoberto-uran,"https://img.aso.fr/core_app/img-cycling-tdf-png/48/46763/0:0,660:1000-300-0-70/9bac1",COL,1987-01-26,36,0,0,16,61,70,131,164,161,45,123,153,125,131,108,156,103,129,104,15,127,-,-,-,-,-
51,JULIAN ALAPHILIPPE,SOUDAL QUICK-STEP,https://www.letour.fr/en/rider/51/soudal-quick-step/julian-alaphilippe,"https://img.aso.fr/core_app/img-cycling-tdf-png/51/46762/0:0,660:1000-300-0-70/34287",FRA,1992-06-11,31,1,0,46,113,25,33,166,17,21,38,129,25,53,10,42,83,120,51,48,26,-,-,-,-,-
52,KASPER ASGREEN,SOUDAL QUICK-STEP,https://www.letour.fr/en/rider/52/soudal-quick-step/kasper-asgreen,"https://img.aso.fr/core_app/img-cycling-tdf-png/52/46767/0:0,660:1000-300-0-70/587d8",DEN,1995-02-08,28,1,0,17,38,66,127,102,27,117,115,59,112,129,71,72,105,55,77,115,15,-,-,-,-,-
53,RÉMI CAVAGNA,SOUDAL QUICK-STEP,https://www.letour.fr/en/rider/53/soudal-quick-step/remi-cavagna,"https://img.aso.fr/core_app/img-cycling-tdf-png/53/46766/0:0,660:1000-300-0-70/c33c7",FRA,1995-08-10,27,0,0,20,45,99,170,113,92,110,104,125,73,78,135,89,59,60,123,88,6,-,-,-,-,-
54,TIM DECLERCQ,SOUDAL QUICK-STEP,https://www.letour.fr/en/rider/54/soudal-quick-step/tim-declercq,"https://img.aso.fr/core_app/img-cycling-tdf-png/54/46764/0:0,660:1000-300-0-70/6104d",BEL,1989-03-21,34,0,0,4,10,108,125,144,131,161,169,127,105,109,77,154,137,84,76,102,96,-,-,-,-,-
55,DRIES DEVENYNS,SOUDAL QUICK-STEP,https://www.letour.fr/en/rider/55/soudal-quick-step/dries-devenyns,"https://img.aso.fr/core_app/img-cycling-tdf-png/55/46771/0:0,660:1000-300-0-70/1d0ae",BEL,1983-07-22,39,0,0,13,23,69,60,148,125,170,172,168,62,144,169,153,108,111,103,116,29,-,-,-,-,-
56,FABIO JAKOBSEN,SOUDAL QUICK-STEP,https://www.letour.fr/en/rider/56/soudal-quick-step/fabio-jakobsen,"https://img.aso.fr/core_app/img-cycling-tdf-png/56/46770/0:0,660:1000-300-0-70/b2950",NED,1996-08-31,26,0,0,57,87,144,159,4,172,172,171,15,167,160,165,16,DNF.,-,-,-,-,-,-,-,-,-
57,YVES LAMPAERT,SOUDAL QUICK-STEP,https://www.letour.fr/en/rider/57/soudal-quick-step/yves-lampaert,"https://img.aso.fr/core_app/img-cycling-tdf-png/57/46768/0:0,660:1000-300-0-70/c4d02",BEL,1991-04-10,32,0,0,22,57,110,157,134,121,171,164,128,50,103,91,63,92,65,52,104,69,-,-,-,-,-
58,MICHAEL MØRKØV,SOUDAL QUICK-STEP,https://www.letour.fr/en/rider/58/soudal-quick-step/michael-moerkoev,"https://img.aso.fr/core_app/img-cycling-tdf-png/58/46769/0:0,660:1000-300-0-70/69d12",DEN,1985-04-30,38,0,0,11,42,145,158,33,119,160,170,97,157,159,164,69,141,145,125,156,117,-,-,-,-,-
62,MIKEL LANDA,BAHRAIN VICTORIOUS,https://www.letour.fr/en/rider/62/bahrain-victorious/mikel-landa-meana,"https://img.aso.fr/core_app/img-cycling-tdf-png/62/46772/0:0,660:1000-300-0-70/163fb",ESP,1989-12-13,33,0,0,16,63,12,15,60,70,29,23,42,60,27,41,31,46,22,21,5,42,-,-,-,-,-
63,NIKIAS ARNDT,BAHRAIN VICTORIOUS,https://www.letour.fr/en/rider/63/bahrain-victorious/nikias-arndt,"https://img.aso.fr/core_app/img-cycling-tdf-png/63/46775/0:0,660:1000-300-0-70/96c4a",GER,1991-11-18,31,0,0,22,76,118,111,50,30,95,118,69,77,102,157,35,127,110,154,142,25,-,-,-,-,-
64,PHIL BAUHAUS,BAHRAIN VICTORIOUS,https://www.letour.fr/en/rider/64/bahrain-victorious/phil-bauhaus,"https://img.aso.fr/core_app/img-cycling-tdf-png/64/46774/0:0,660:1000-300-0-70/e3159",GER,1994-07-08,29,0,0,25,58,173,146,2,3,167,149,7,141,125,159,3,150,155,155,148,148,-,-,-,-,-
65,PELLO BILBAO LOPEZ,BAHRAIN VICTORIOUS,https://www.letour.fr/en/rider/65/bahrain-victorious/pello-bilbao-lopez-de-armentia,"https://img.aso.fr/core_app/img-cycling-tdf-png/65/46773/0:0,660:1000-300-0-70/9bc67",ESP,1990-02-25,33,1,1,16,46,40,5,55,71,27,22,65,39,22,1,38,47,17,8,23,4,-,-,-,-,-
66,JACK HAIG,BAHRAIN VICTORIOUS,https://www.letour.fr/en/rider/66/bahrain-victorious/jack-haig,"https://img.aso.fr/core_app/img-cycling-tdf-png/66/46778/0:0,660:1000-300-0-70/75f8a",AUS,1993-09-06,29,0,0,2,26,32,14,145,153,11,74,122,121,37,53,101,44,58,28,80,65,-,-,-,-,-
67,MATEJ MOHORIC,BAHRAIN VICTORIOUS,https://www.letour.fr/en/rider/67/bahrain-victorious/matej-mohoric,"https://img.aso.fr/core_app/img-cycling-tdf-png/67/46779/0:0,660:1000-300-0-70/fc60c",SLO,1994-10-19,28,0,0,28,74,58,72,25,169,155,147,100,51,3,120,141,151,18,157,78,95,-,-,-,-,-
68,WOUT POELS,BAHRAIN VICTORIOUS,https://www.letour.fr/en/rider/68/bahrain-victorious/wout-poels,"https://img.aso.fr/core_app/img-cycling-tdf-png/68/46777/0:0,660:1000-300-0-70/11faf",NED,1987-10-01,35,1,1,22,59,89,114,120,142,60,37,120,133,61,51,140,49,27,46,1,92,-,-,-,-,-
69,FRED WRIGHT,BAHRAIN VICTORIOUS,https://www.letour.fr/en/rider/69/bahrain-victorious/fred-wright,"https://img.aso.fr/core_app/img-cycling-tdf-png/69/46780/0:0,660:1000-300-0-70/185f6",GBR,1999-06-13,24,0,0,4,15,101,144,126,116,92,106,96,13,112,107,58,124,52,138,120,19,-,-,-,-,-
71,JAI HINDLEY,BORA - HANSGROHE,https://www.letour.fr/en/rider/71/bora-hansgrohe/jai-hindley,"https://img.aso.fr/core_app/img-cycling-tdf-png/71/46783/0:0,660:1000-300-0-70/750c9",AUS,1996-05-05,27,1,1,11,32,7,9,44,28,1,6,21,21,19,22,24,26,6,6,25,24,-,-,-,-,-
72,EMANUEL BUCHMANN,BORA - HANSGROHE,https://www.letour.fr/en/rider/72/bora-hansgrohe/emanuel-buchmann,"https://img.aso.fr/core_app/img-cycling-tdf-png/72/46776/0:0,660:1000-300-0-70/97b6f",GER,1992-11-18,30,0,0,6,17,24,13,73,56,4,34,37,37,28,37,53,32,24,13,43,132,-,-,-,-,-
73,MARCO HALLER,BORA - HANSGROHE,https://www.letour.fr/en/rider/73/bora-hansgrohe/marco-haller,"https://img.aso.fr/core_app/img-cycling-tdf-png/73/46782/0:0,660:1000-300-0-70/31f28",AUT,1991-04-01,32,0,0,12,25,122,112,67,124,75,121,99,56,82,92,25,158,117,40,50,119,-,-,-,-,-
74,BOB JUNGELS,BORA - HANSGROHE,https://www.letour.fr/en/rider/74/bora-hansgrohe/bob-jungels,"https://img.aso.fr/core_app/img-cycling-tdf-png/74/46781/0:0,660:1000-300-0-70/887d6",LUX,1992-09-22,30,0,0,48,88,59,49,28,93,44,45,32,29,44,28,117,87,44,23,41,38,-,-,-,-,-
75,PATRICK KONRAD,BORA - HANSGROHE,https://www.letour.fr/en/rider/75/bora-hansgrohe/patrick-konrad,"https://img.aso.fr/core_app/img-cycling-tdf-png/75/46786/0:0,660:1000-300-0-70/7c433",AUT,1991-10-13,31,0,0,6,29,60,47,140,123,146,72,117,130,64,106,116,90,59,98,57,116,-,-,-,-,-
76,JORDI MEEUS,BORA - HANSGROHE,https://www.letour.fr/en/rider/76/bora-hansgrohe/jordi-meeus,"https://img.aso.fr/core_app/img-cycling-tdf-png/76/46784/0:0,660:1000-300-0-70/4dde4",BEL,1998-07-01,25,0,0,10,34,171,129,7,15,131,162,6,161,157,163,11,157,156,144,152,145,-,-,-,-,-
77,NILS POLITT,BORA - HANSGROHE,https://www.letour.fr/en/rider/77/bora-hansgrohe/nils-politt,"https://img.aso.fr/core_app/img-cycling-tdf-png/77/46785/0:0,660:1000-300-0-70/cd0da",GER,1994-03-06,29,0,0,9,31,92,103,97,112,96,105,29,91,66,61,78,14,51,48,56,68,-,-,-,-,-
78,DANNY VAN POPPEL,BORA - HANSGROHE,https://www.letour.fr/en/rider/78/bora-hansgrohe/danny-van-poppel,"https://img.aso.fr/core_app/img-cycling-tdf-png/78/46788/0:0,660:1000-300-0-70/71d7f",NED,1993-07-26,29,0,0,28,98,142,113,24,6,125,131,83,131,80,104,165,122,109,81,101,126,-,-,-,-,-
81,GIULIO CICCONE,LIDL - TREK,https://www.letour.fr/en/rider/81/lidl-trek/giulio-ciccone,"https://img.aso.fr/core_app/img-cycling-tdf-png/81/46787/0:0,660:1000-300-0-70/684fa",ITA,1994-12-20,28,1,0,10,30,35,11,68,53,2,40,119,150,60,39,110,102,133,45,14,58,-,-,-,-,-
82,TONY GALLOPIN,LIDL - TREK,https://www.letour.fr/en/rider/82/lidl-trek/tony-gallopin,"https://img.aso.fr/core_app/img-cycling-tdf-png/82/46790/0:0,660:1000-300-0-70/b5c11",FRA,1988-05-24,35,0,0,16,73,64,51,47,51,48,73,79,69,141,78,107,98,148,131,149,62,-,-,-,-,-
83,SKJELMOSE MATTIAS JENSEN,LIDL - TREK,https://www.letour.fr/en/rider/83/lidl-trek/skjelmose-mattias-jensen,"https://img.aso.fr/core_app/img-cycling-tdf-png/83/46789/0:0,660:1000-300-0-70/be1ca",DEN,2000-09-26,22,0,0,9,37,8,23,45,26,6,35,43,36,123,7,109,27,143,72,8,8,-,-,-,-,-
84,ALEX KIRSCH,LIDL - TREK,https://www.letour.fr/en/rider/84/lidl-trek/alex-kirsch,"https://img.aso.fr/core_app/img-cycling-tdf-png/84/46791/0:0,660:1000-300-0-70/cb63c",LUX,1992-06-12,31,0,0,2,29,130,82,18,44,114,101,91,59,113,139,76,56,141,110,126,34,-,-,-,-,-
85,JUAN PEDRO LOPEZ PEREZ,LIDL - TREK,https://www.letour.fr/en/rider/85/lidl-trek/juan-pedro-lopez-perez,"https://img.aso.fr/core_app/img-cycling-tdf-png/85/46793/0:0,660:1000-300-0-70/e84e6",ESP,1997-07-31,25,0,0,1,3,43,39,104,78,24,59,82,154,49,123,112,91,130,78,113,71,-,-,-,-,-
86,MADS PEDERSEN,LIDL - TREK,https://www.letour.fr/en/rider/86/lidl-trek/mads-pedersen,"https://img.aso.fr/core_app/img-cycling-tdf-png/86/46797/0:0,660:1000-300-0-70/6020e",DEN,1995-12-18,27,2,1,55,106,158,32,9,10,123,95,10,1,122,138,5,84,142,129,125,9,-,-,-,-,-
87,QUINN SIMMONS,LIDL - TREK,https://www.letour.fr/en/rider/87/lidl-trek/quinn-simmons,"https://img.aso.fr/core_app/img-cycling-tdf-png/87/46792/0:0,660:1000-300-0-70/b82cb",USA,2001-05-08,22,0,0,19,27,121,123,156,170,136,163,165,162,DNF.,-,-,-,-,-,-,-,-,-,-,-,-
88,JASPER STUYVEN,LIDL - TREK,https://www.letour.fr/en/rider/88/lidl-trek/jasper-stuyven,"https://img.aso.fr/core_app/img-cycling-tdf-png/88/46798/0:0,660:1000-300-0-70/9a713",BEL,1992-04-17,31,0,0,18,60,125,101,32,32,127,62,41,41,101,11,34,15,61,128,73,41,-,-,-,-,-
91,BEN O'CONNOR,AG2R CITROEN TEAM,https://www.letour.fr/en/rider/91/ag2r-citroen-team/ben-o-connor,"https://img.aso.fr/core_app/img-cycling-tdf-png/91/46795/0:0,660:1000-300-0-70/650c1",AUS,1995-11-25,27,0,0,9,21,33,28,39,69,16,18,34,24,39,3,29,40,53,37,42,27,-,-,-,-,-
92,CLÉMENT BERTHET,AG2R CITROEN TEAM,https://www.letour.fr/en/rider/92/ag2r-citroen-team/clement-berthet,"https://img.aso.fr/core_app/img-cycling-tdf-png/92/46803/0:0,660:1000-300-0-70/520b1",FRA,1997-08-02,25,0,0,0,1,39,37,41,63,25,51,57,85,5,18,26,13,34,31,52,109,-,-,-,-,-
93,BENOIT COSNEFROY,AG2R CITROEN TEAM,https://www.letour.fr/en/rider/93/ag2r-citroen-team/benoit-cosnefroy,"https://img.aso.fr/core_app/img-cycling-tdf-png/93/46794/0:0,660:1000-300-0-70/05824",FRA,1995-10-17,27,0,0,15,42,127,109,93,130,144,150,74,23,92,63,125,74,152,132,131,146,-,-,-,-,-
94,STAN DEWULF,AG2R CITROEN TEAM,https://www.letour.fr/en/rider/94/ag2r-citroen-team/stan-dewulf,"https://img.aso.fr/core_app/img-cycling-tdf-png/94/46796/0:0,660:1000-300-0-70/c69bb",BEL,1997-12-20,25,0,0,5,28,115,116,74,72,88,122,60,65,83,83,128,67,66,116,85,118,-,-,-,-,-
95,FELIX GALL,AG2R CITROEN TEAM,https://www.letour.fr/en/rider/95/ag2r-citroen-team/felix-gall,"https://img.aso.fr/core_app/img-cycling-tdf-png/95/46801/0:0,660:1000-300-0-70/e3894",AUT,1998-02-27,25,0,0,6,15,36,46,99,86,3,15,56,43,21,54,36,34,14,7,26,13,-,-,-,-,-
96,OLIVER NAESEN,AG2R CITROEN TEAM,https://www.letour.fr/en/rider/96/ag2r-citroen-team/oliver-naesen,"https://img.aso.fr/core_app/img-cycling-tdf-png/96/46799/0:0,660:1000-300-0-70/11f0d",BEL,1990-09-16,32,0,0,7,30,124,110,30,76,124,46,38,106,84,90,27,55,102,73,91,129,-,-,-,-,-
97,AURÉLIEN PARET PEINTRE,AG2R CITROEN TEAM,https://www.letour.fr/en/rider/97/ag2r-citroen-team/aurelien-paret-peintre,"https://img.aso.fr/core_app/img-cycling-tdf-png/97/46800/0:0,660:1000-300-0-70/d94ed",FRA,1996-02-27,27,0,0,7,15,75,71,90,84,46,41,30,38,63,40,52,68,56,124,130,50,-,-,-,-,-
98,NANS PETERS,AG2R CITROEN TEAM,https://www.letour.fr/en/rider/98/ag2r-citroen-team/nans-peters,"https://img.aso.fr/core_app/img-cycling-tdf-png/98/46802/0:0,660:1000-300-0-70/800d7",FRA,1994-03-12,29,0,0,5,15,160,108,161,74,64,111,139,118,69,74,150,52,81,130,74,49,-,-,-,-,-
101,MATHIEU VAN DER POEL,ALPECIN-DECEUNINCK,https://www.letour.fr/en/rider/101/alpecin-deceuninck/mathieu-van-der-poel,"https://img.aso.fr/core_app/img-cycling-tdf-png/101/46804/0:0,660:1000-300-0-70/df81e",NED,1995-01-19,28,0,0,62,106,37,107,26,22,128,64,26,40,74,110,132,51,128,33,44,90,-,-,-,-,-
102,SILVAN DILLIER,ALPECIN-DECEUNINCK,https://www.letour.fr/en/rider/102/alpecin-deceuninck/silvan-dillier,"https://img.aso.fr/core_app/img-cycling-tdf-png/102/46805/0:0,660:1000-300-0-70/211bf",SUI,1990-08-03,32,0,0,18,42,154,100,114,160,99,107,19,82,79,114,106,121,94,109,100,138,-,-,-,-,-
103,MICHAEL GOGL,ALPECIN-DECEUNINCK,https://www.letour.fr/en/rider/103/alpecin-deceuninck/michael-gogl,"https://img.aso.fr/core_app/img-cycling-tdf-png/103/46806/0:0,660:1000-300-0-70/7adc4",AUT,1993-11-04,29,0,0,2,9,103,73,151,162,122,142,110,169,156,101,160,155,115,86,123,72,-,-,-,-,-
104,QUINTEN HERMANS,ALPECIN-DECEUNINCK,https://www.letour.fr/en/rider/104/alpecin-deceuninck/quinten-hermans,"https://img.aso.fr/core_app/img-cycling-tdf-png/104/46807/0:0,660:1000-300-0-70/528fc",BEL,1995-07-29,27,0,0,7,18,78,45,158,163,100,117,159,83,96,143,159,161,107,47,89,114,-,-,-,-,-
105,SØREN KRAGH ANDERSEN,ALPECIN-DECEUNINCK,https://www.letour.fr/en/rider/105/alpecin-deceuninck/soeren-kragh-andersen,"https://img.aso.fr/core_app/img-cycling-tdf-png/105/46808/0:0,660:1000-300-0-70/ab543",DEN,1994-08-10,28,0,0,21,64,136,135,46,16,140,141,90,76,138,162,75,106,150,91,81,83,-,-,-,-,-
106,JASPER PHILIPSEN,ALPECIN-DECEUNINCK,https://www.letour.fr/en/rider/106/alpecin-deceuninck/jasper-philipsen,"https://img.aso.fr/core_app/img-cycling-tdf-png/106/46809/0:0,660:1000-300-0-70/d7d5f",BEL,1998-03-02,25,5,4,43,101,131,56,1,1,133,137,1,2,110,103,1,142,122,87,109,102,-,-,-,-,-
107,JONAS RICKAERT,ALPECIN-DECEUNINCK,https://www.letour.fr/en/rider/107/alpecin-deceuninck/jonas-rickaert,"https://img.aso.fr/core_app/img-cycling-tdf-png/107/46811/0:0,660:1000-300-0-70/05dcc",BEL,1994-02-07,29,0,0,6,9,109,106,64,36,150,138,86,129,76,102,74,165,69,85,105,122,-,-,-,-,-
108,RAMON SINKELDAM,ALPECIN-DECEUNINCK,https://www.letour.fr/en/rider/108/alpecin-deceuninck/ramon-sinkeldam,"https://img.aso.fr/core_app/img-cycling-tdf-png/108/46813/0:0,660:1000-300-0-70/25bf2",NED,1989-02-09,34,0,0,10,33,132,148,59,41,162,135,92,155,133,148,70,164,149,DNF.,-,-,-,-,-,-,-
111,BINIAM GIRMAY,INTERMARCHÉ - CIRCUS - WANTY,https://www.letour.fr/en/rider/111/intermarche-circus-wanty/biniam-girmay,"https://img.aso.fr/core_app/img-cycling-tdf-png/111/46814/0:0,660:1000-300-0-70/fc6d0",ERI,2000-04-02,23,0,0,14,36,77,128,11,19,138,152,3,44,149,142,13,123,137,142,134,84,-,-,-,-,-
112,LILIAN CALMEJANE,INTERMARCHÉ - CIRCUS - WANTY,https://www.letour.fr/en/rider/112/intermarche-circus-wanty/lilian-calmejane,"https://img.aso.fr/core_app/img-cycling-tdf-png/112/46815/0:0,660:1000-300-0-70/f601e",FRA,1992-12-06,30,0,0,16,28,93,58,81,52,50,53,105,165,56,96,85,148,40,105,107,32,-,-,-,-,-
113,RUI COSTA,INTERMARCHÉ - CIRCUS - WANTY,https://www.letour.fr/en/rider/113/intermarche-circus-wanty/rui-costa,"https://img.aso.fr/core_app/img-cycling-tdf-png/113/46816/0:0,660:1000-300-0-70/750ae",POR,1986-10-05,36,0,0,33,111,80,59,131,137,72,91,70,67,50,145,103,149,112,44,53,20,-,-,-,-,-
114,LOUIS MEINTJES,INTERMARCHÉ - CIRCUS - WANTY,https://www.letour.fr/en/rider/114/intermarche-circus-wanty/louis-meintjes,"https://img.aso.fr/core_app/img-cycling-tdf-png/114/46812/0:0,660:1000-300-0-70/0ad4d",RSA,1992-02-21,31,0,0,12,33,21,27,48,60,30,16,27,26,24,42,45,38,15,DNF.,-,-,-,-,-,-,-
115,ADRIEN PETIT,INTERMARCHÉ - CIRCUS - WANTY,https://www.letour.fr/en/rider/115/intermarche-circus-wanty/adrien-petit,"https://img.aso.fr/core_app/img-cycling-tdf-png/115/46810/0:0,660:1000-300-0-70/95850",FRA,1990-09-26,32,0,0,11,31,126,139,108,38,113,151,49,113,146,156,129,147,138,158,154,150,-,-,-,-,-
116,DION SMITH,INTERMARCHÉ - CIRCUS - WANTY,https://www.letour.fr/en/rider/116/intermarche-circus-wanty/dion-smith,"https://img.aso.fr/core_app/img-cycling-tdf-png/116/46819/0:0,660:1000-300-0-70/1fec2",NZL,1993-03-03,30,0,0,3,31,94,141,109,33,112,120,89,93,68,82,71,152,90,134,93,136,-,-,-,-,-
117,MIKE TEUNISSEN,INTERMARCHÉ - CIRCUS - WANTY,https://www.letour.fr/en/rider/117/intermarche-circus-wanty/mike-teunissen,"https://img.aso.fr/core_app/img-cycling-tdf-png/117/46817/0:0,660:1000-300-0-70/6f091",NED,1992-08-25,30,1,0,13,38,133,81,17,20,115,119,12,58,75,64,57,130,48,140,144,125,-,-,-,-,-
118,GEORG ZIMMERMANN,INTERMARCHÉ - CIRCUS - WANTY,https://www.letour.fr/en/rider/118/intermarche-circus-wanty/georg-zimmermann,"https://img.aso.fr/core_app/img-cycling-tdf-png/118/46818/0:0,660:1000-300-0-70/1ed65",GER,1997-10-11,25,0,0,6,19,45,145,51,113,53,68,137,70,67,2,95,135,13,106,110,64,-,-,-,-,-
121,GUILLAUME MARTIN,COFIDIS,https://www.letour.fr/en/rider/121/cofidis/guillaume-martin-guyonnet,"https://img.aso.fr/core_app/img-cycling-tdf-png/121/46820/0:0,660:1000-300-0-70/c184b",FRA,1993-06-09,30,0,0,14,48,27,29,52,50,26,21,36,30,34,38,40,7,23,10,7,46,-,-,-,-,-
122,BRYAN COQUARD,COFIDIS,https://www.letour.fr/en/rider/122/cofidis/bryan-coquard,"https://img.aso.fr/core_app/img-cycling-tdf-png/122/46822/0:0,660:1000-300-0-70/99436",FRA,1992-04-25,31,2,0,52,134,119,91,10,4,148,93,8,6,148,111,4,96,118,71,119,98,-,-,-,-,-
123,SIMON GESCHKE,COFIDIS,https://www.letour.fr/en/rider/123/cofidis/simon-geschke,"https://img.aso.fr/core_app/img-cycling-tdf-png/123/46823/0:0,660:1000-300-0-70/39fca",GER,1986-03-13,37,0,0,4,26,62,136,85,100,69,88,115,87,65,73,121,33,45,54,82,80,-,-,-,-,-
124,ION IZAGUIRRE INSAUSTI,COFIDIS,https://www.letour.fr/en/rider/124/cofidis/ion-izaguirre-insausti,"https://img.aso.fr/core_app/img-cycling-tdf-png/124/46829/0:0,660:1000-300-0-70/efa51",ESP,1989-02-04,34,1,1,17,63,53,86,129,134,68,47,76,115,33,29,152,1,77,117,47,21,-,-,-,-,-
125,VICTOR LAFAY,COFIDIS,https://www.letour.fr/en/rider/125/cofidis/victor-lafay,"https://img.aso.fr/core_app/img-cycling-tdf-png/125/46821/0:0,660:1000-300-0-70/63cd4",FRA,1996-01-17,27,1,1,8,17,6,1,62,97,119,92,162,68,158,121,148,75,121,118,86,133,-,-,-,-,-
126,ANTHONY PEREZ,COFIDIS,https://www.letour.fr/en/rider/126/cofidis/anthony-perez,"https://img.aso.fr/core_app/img-cycling-tdf-png/126/46832/0:0,660:1000-300-0-70/31347",FRA,1991-04-22,32,0,0,6,14,102,83,92,57,59,55,85,166,81,23,126,86,73,67,64,121,-,-,-,-,-
127,ALEXIS RENARD,COFIDIS,https://www.letour.fr/en/rider/127/cofidis/alexis-renard,"https://img.aso.fr/core_app/img-cycling-tdf-png/127/46831/0:0,660:1000-300-0-70/6af9e",FRA,1999-06-01,24,0,0,5,13,168,165,21,39,141,140,66,80,135,161,32,136,140,139,146,156,-,-,-,-,-
128,AXEL ZINGLE,COFIDIS,https://www.letour.fr/en/rider/128/cofidis/axel-zingle,"https://img.aso.fr/core_app/img-cycling-tdf-png/128/46825/0:0,660:1000-300-0-70/ff50d",FRA,1998-12-18,24,0,0,6,24,113,147,49,118,111,112,170,170,167,158,86,113,151,100,153,82,-,-,-,-,-
131,ENRIC MAS,MOVISTAR TEAM,https://www.letour.fr/en/rider/131/movistar-team/enric-mas-nicolau,"https://img.aso.fr/core_app/img-cycling-tdf-png/131/46824/0:0,660:1000-300-0-70/69c09",ESP,1995-01-07,28,0,0,11,44,DNF.,-,-,-,-,-,-,-,-,-,-,-,-,-,-,-,-,-,-,-,-
132,RUBEN ALMEIDA GUERREIRO,MOVISTAR TEAM,https://www.letour.fr/en/rider/132/movistar-team/ruben-almeida-guerreiro,"https://img.aso.fr/core_app/img-cycling-tdf-png/132/46833/0:0,660:1000-300-0-70/a9e14",POR,1994-07-06,29,0,0,12,31,86,35,57,58,40,4,107,107,51,49,96,9,47,DNF.,-,-,-,-,-,-,-
133,ALEX ARANBURU DEBA,MOVISTAR TEAM,https://www.letour.fr/en/rider/133/movistar-team/alex-aranburu-deba,"https://img.aso.fr/core_app/img-cycling-tdf-png/133/46835/0:0,660:1000-300-0-70/ac4cb",ESP,1995-09-19,27,0,0,7,30,16,25,160,152,103,82,138,12,142,13,134,81,79,57,12,93,-,-,-,-,-
134,GORKA IZAGIRRE INSAUSTI,MOVISTAR TEAM,https://www.letour.fr/en/rider/134/movistar-team/gorka-izagirre-insausti,"https://img.aso.fr/core_app/img-cycling-tdf-png/134/46828/0:0,660:1000-300-0-70/6396c",ESP,1987-10-07,35,0,0,9,29,54,54,76,144,89,36,48,53,11,55,135,48,80,49,61,101,-,-,-,-,-
135,MATTEO JORGENSON,MOVISTAR TEAM,https://www.letour.fr/en/rider/135/movistar-team/matteo-jorgenson,"https://img.aso.fr/core_app/img-cycling-tdf-png/135/46827/0:0,660:1000-300-0-70/e818f",USA,1999-07-01,24,0,0,2,13,49,122,159,151,22,80,149,132,4,98,157,3,134,56,114,DNF.,-,-,-,-,-
136,GREGOR MÜHLBERGER,MOVISTAR TEAM,https://www.letour.fr/en/rider/136/movistar-team/gregor-muehlberger,"https://img.aso.fr/core_app/img-cycling-tdf-png/136/46826/0:0,660:1000-300-0-70/660cb",AUT,1994-04-04,29,0,0,20,40,105,53,163,158,57,49,131,78,134,97,155,65,88,29,30,54,-,-,-,-,-
137,NELSON OLIVEIRA,MOVISTAR TEAM,https://www.letour.fr/en/rider/137/movistar-team/nelson-oliveira,"https://img.aso.fr/core_app/img-cycling-tdf-png/137/46830/0:0,660:1000-300-0-70/c0e97",POR,1989-03-06,34,0,0,8,25,63,89,56,109,83,79,102,79,48,72,136,61,33,55,71,79,-,-,-,-,-
138,ANTONIO PEDRERO,MOVISTAR TEAM,https://www.letour.fr/en/rider/138/movistar-team/antonio-pedrero,"https://img.aso.fr/core_app/img-cycling-tdf-png/138/46834/0:0,660:1000-300-0-70/0831e",ESP,1991-10-23,31,0,0,5,13,104,55,107,168,58,44,106,108,127,6,130,73,74,DNF.,-,-,-,-,-,-,-
141,ROMAIN BARDET,TEAM DSM - FIRMENICH,https://www.letour.fr/en/rider/141/team-dsm-firmenich/romain-bardet,"https://img.aso.fr/core_app/img-cycling-tdf-png/141/46837/0:0,660:1000-300-0-70/fdc39",FRA,1990-11-09,32,0,0,14,73,22,7,38,49,18,10,31,15,26,25,43,30,19,DNF.,-,-,-,-,-,-,-
142,JOHN DEGENKOLB,TEAM DSM - FIRMENICH,https://www.letour.fr/en/rider/142/team-dsm-firmenich/john-degenkolb,"https://img.aso.fr/core_app/img-cycling-tdf-png/142/46836/0:0,660:1000-300-0-70/4a7de",GER,1989-01-07,34,0,0,65,169,120,167,168,132,121,148,88,120,164,134,83,156,147,148,141,153,-,-,-,-,-
143,MATTHEW DINHAM,TEAM DSM - FIRMENICH,https://www.letour.fr/en/rider/143/team-dsm-firmenich/matthew-dinham,"https://img.aso.fr/core_app/img-cycling-tdf-png/143/46838/0:0,660:1000-300-0-70/bbd27",AUS,2000-04-09,23,0,0,1,4,28,38,84,147,62,56,101,119,46,116,79,69,54,149,87,61,-,-,-,-,-
144,ALEXANDER EDMONDSON,TEAM DSM - FIRMENICH,https://www.letour.fr/en/rider/144/team-dsm-firmenich/alexander-edmondson,"https://img.aso.fr/core_app/img-cycling-tdf-png/144/46839/0:0,660:1000-300-0-70/a7ac2",AUS,1993-12-22,29,0,0,3,22,155,166,70,120,132,153,55,151,165,155,33,153,163,147,139,112,-,-,-,-,-
145,NILS EEKHOFF,TEAM DSM - FIRMENICH,https://www.letour.fr/en/rider/145/team-dsm-firmenich/nils-eekhoff,"https://img.aso.fr/core_app/img-cycling-tdf-png/145/46840/0:0,660:1000-300-0-70/2ac55",NED,1998-01-23,25,0,0,8,27,123,143,105,95,120,158,81,5,163,150,77,146,162,145,138,139,-,-,-,-,-
146,CHRISTOPHER HAMILTON,TEAM DSM - FIRMENICH,https://www.letour.fr/en/rider/146/team-dsm-firmenich/christopher-hamilton,"https://img.aso.fr/core_app/img-cycling-tdf-png/146/46841/0:0,660:1000-300-0-70/41f0f",AUS,1995-05-18,28,0,0,1,3,67,48,124,155,31,77,113,145,47,47,102,36,46,36,39,60,-,-,-,-,-
147,KEVIN VERMAERKE,TEAM DSM - FIRMENICH,https://www.letour.fr/en/rider/147/team-dsm-firmenich/kevin-vermaerke,"https://img.aso.fr/core_app/img-cycling-tdf-png/147/46842/0:0,660:1000-300-0-70/01704",USA,2000-10-16,22,0,0,1,3,84,142,157,146,49,113,141,148,40,60,167,76,35,89,62,44,-,-,-,-,-
148,SAM WELSFORD,TEAM DSM - FIRMENICH,https://www.letour.fr/en/rider/148/team-dsm-firmenich/sam-welsford,"https://img.aso.fr/core_app/img-cycling-tdf-png/148/46843/0:0,660:1000-300-0-70/b18bc",AUS,1996-01-19,27,0,0,4,13,157,140,13,21,137,157,13,164,161,147,10,129,157,146,140,105,-,-,-,-,-
151,MICHAEL WOODS,ISRAEL - PREMIER TECH,https://www.letour.fr/en/rider/151/israel-premier-tech/michael-woods,"https://img.aso.fr/core_app/img-cycling-tdf-png/151/46849/0:0,660:1000-300-0-70/10654",CAN,1986-10-12,36,1,1,15,46,5,6,35,47,19,70,78,94,1,99,113,66,92,43,67,111,-,-,-,-,-
152,GUILLAUME BOIVIN,ISRAEL - PREMIER TECH,https://www.letour.fr/en/rider/152/israel-premier-tech/guillaume-boivin,"https://img.aso.fr/core_app/img-cycling-tdf-png/152/46848/0:0,660:1000-300-0-70/fdc4c",CAN,1989-05-25,34,0,0,13,41,111,104,22,117,126,97,35,46,77,149,81,132,104,120,135,124,-,-,-,-,-
153,SIMON CLARKE,ISRAEL - PREMIER TECH,https://www.letour.fr/en/rider/153/israel-premier-tech/simon-clarke,"https://img.aso.fr/core_app/img-cycling-tdf-png/153/46844/0:0,660:1000-300-0-70/ae63c",AUS,1986-07-18,37,0,0,11,51,98,105,119,122,78,127,109,122,98,70,122,128,91,88,83,143,-,-,-,-,-
154,HUGO HOULE,ISRAEL - PREMIER TECH,https://www.letour.fr/en/rider/154/israel-premier-tech/hugo-houle,"https://img.aso.fr/core_app/img-cycling-tdf-png/154/46845/0:0,660:1000-300-0-70/c4196",CAN,1990-09-27,32,0,0,4,19,90,66,20,61,65,78,71,102,85,115,67,57,32,58,13,39,-,-,-,-,-
155,KRISTS NEILANDS,ISRAEL - PREMIER TECH,https://www.letour.fr/en/rider/155/israel-premier-tech/krists-neilands,"https://img.aso.fr/core_app/img-cycling-tdf-png/155/46847/0:0,660:1000-300-0-70/7b6dc",LAT,1994-08-18,28,0,0,15,37,97,94,98,54,39,71,116,32,58,4,90,58,68,41,35,77,-,-,-,-,-
156,NICHOLAS SCHULTZ,ISRAEL - PREMIER TECH,https://www.letour.fr/en/rider/156/israel-premier-tech/nicholas-schultz,"https://img.aso.fr/core_app/img-cycling-tdf-png/156/46846/0:0,660:1000-300-0-70/29c32",AUS,1994-09-13,28,0,0,4,21,68,80,117,75,38,81,114,146,90,52,120,53,123,42,46,30,-,-,-,-,-
157,CORBIN STRONG,ISRAEL - PREMIER TECH,https://www.letour.fr/en/rider/157/israel-premier-tech/corbin-strong,"https://img.aso.fr/core_app/img-cycling-tdf-png/157/46853/0:0,660:1000-300-0-70/a3d24",NZL,2000-04-30,23,0,0,2,13,15,50,16,11,118,102,72,9,132,160,14,95,124,99,97,76,-,-,-,-,-
158,DYLAN TEUNS,ISRAEL - PREMIER TECH,https://www.letour.fr/en/rider/158/israel-premier-tech/dylan-teuns,"https://img.aso.fr/core_app/img-cycling-tdf-png/158/46850/0:0,660:1000-300-0-70/1e481",BEL,1992-03-01,31,0,0,18,48,18,8,94,59,37,69,126,81,62,119,119,8,50,39,11,140,-,-,-,-,-
161,SIMON YATES,TEAM JAYCO ALULA,https://www.letour.fr/en/rider/161/team-jayco-alula/simon-yates,"https://img.aso.fr/core_app/img-cycling-tdf-png/161/46852/0:0,660:1000-300-0-70/1f1fe",GBR,1992-08-07,30,0,0,35,70,2,18,63,45,13,8,58,61,15,44,48,35,9,9,27,5,-,-,-,-,-
162,G LAWSON CRADDOCK,TEAM JAYCO ALULA,https://www.letour.fr/en/rider/162/team-jayco-alula/g-lawson-craddock,"https://img.aso.fr/core_app/img-cycling-tdf-png/162/46855/0:0,660:1000-300-0-70/f3134",USA,1992-02-20,31,0,0,16,36,128,126,82,73,56,84,77,149,42,151,66,115,76,119,4,97,-,-,-,-,-
163,LUKE DURBRIDGE,TEAM JAYCO ALULA,https://www.letour.fr/en/rider/163/team-jayco-alula/luke-durbridge,"https://img.aso.fr/core_app/img-cycling-tdf-png/163/46854/0:0,660:1000-300-0-70/a539f",AUS,1991-04-09,32,0,0,21,41,117,172,133,35,151,160,144,126,87,105,146,117,89,137,84,66,-,-,-,-,-
164,DYLAN GROENEWEGEN,TEAM JAYCO ALULA,https://www.letour.fr/en/rider/164/team-jayco-alula/dylan-groenewegen,"https://img.aso.fr/core_app/img-cycling-tdf-png/164/46851/0:0,660:1000-300-0-70/a0a15",NED,1993-06-21,30,0,0,76,137,147,156,8,14,154,161,5,4,168,154,2,162,160,152,145,154,-,-,-,-,-
165,CHRIS HARPER,TEAM JAYCO ALULA,https://www.letour.fr/en/rider/165/team-jayco-alula/chris-harper,"https://img.aso.fr/core_app/img-cycling-tdf-png/165/46862/0:0,660:1000-300-0-70/1d4b6",AUS,1994-11-23,28,0,0,6,19,34,44,132,145,34,31,161,90,31,57,105,45,20,19,38,37,-,-,-,-,-
166,JUUL CHRISTOPHER JENSEN,TEAM JAYCO ALULA,https://www.letour.fr/en/rider/166/team-jayco-alula/juul-christopher-jensen,"https://img.aso.fr/core_app/img-cycling-tdf-png/166/46856/0:0,660:1000-300-0-70/1266b",DEN,1989-07-06,34,0,0,6,16,134,137,173,164,107,87,167,153,105,152,166,114,125,66,66,40,-,-,-,-,-
167,LUKA MEZGEC,TEAM JAYCO ALULA,https://www.letour.fr/en/rider/167/team-jayco-alula/luka-mezgec,"https://img.aso.fr/core_app/img-cycling-tdf-png/167/46858/0:0,660:1000-300-0-70/3703b",SLO,1988-06-27,35,0,0,26,77,135,133,88,8,152,154,39,54,166,68,21,140,159,151,79,152,-,-,-,-,-
168,ELMAR REINDERS,TEAM JAYCO ALULA,https://www.letour.fr/en/rider/168/team-jayco-alula/elmar-reinders,"https://img.aso.fr/core_app/img-cycling-tdf-png/168/46860/0:0,660:1000-300-0-70/6c316",NED,1992-03-14,31,0,0,13,29,146,155,101,34,153,146,44,100,147,153,37,131,116,136,143,141,-,-,-,-,-
171,WARREN BARGUIL,TEAM ARKEA - SAMSIC,https://www.letour.fr/en/rider/171/team-arkea-samsic/warren-barguil,"https://img.aso.fr/core_app/img-cycling-tdf-png/171/46867/0:0,660:1000-300-0-70/8ee0a",FRA,1991-10-28,31,0,0,12,35,85,61,78,89,52,32,64,72,57,9,118,39,41,32,10,88,-,-,-,-,-
172,JENTHE BIERMANS,TEAM ARKEA - SAMSIC,https://www.letour.fr/en/rider/172/team-arkea-samsic/jenthe-biermans,"https://img.aso.fr/core_app/img-cycling-tdf-png/172/46857/0:0,660:1000-300-0-70/c5352",BEL,1995-10-30,27,0,0,3,12,114,87,29,94,149,145,158,96,118,140,22,120,100,96,92,103,-,-,-,-,-
173,CLÉMENT CHAMPOUSSIN,TEAM ARKEA - SAMSIC,https://www.letour.fr/en/rider/173/team-arkea-samsic/clement-champoussin,"https://img.aso.fr/core_app/img-cycling-tdf-png/173/46861/0:0,660:1000-300-0-70/afddc",FRA,1998-05-29,25,0,0,3,19,106,52,128,106,74,24,123,64,137,127,151,101,26,62,58,70,-,-,-,-,-
174,ANTHONY DELAPLACE,TEAM ARKEA - SAMSIC,https://www.letour.fr/en/rider/174/team-arkea-samsic/anthony-delaplace,"https://img.aso.fr/core_app/img-cycling-tdf-png/174/46864/0:0,660:1000-300-0-70/26473",FRA,1989-09-11,33,1,0,5,22,81,57,89,90,108,65,75,136,70,65,108,63,64,59,63,56,-,-,-,-,-
175,SIMON GUGLIELMI,TEAM ARKEA - SAMSIC,https://www.letour.fr/en/rider/175/team-arkea-samsic/simon-guglielmi,"https://img.aso.fr/core_app/img-cycling-tdf-png/175/46859/0:0,660:1000-300-0-70/d491d",FRA,1997-07-01,26,1,0,0,7,116,98,125,115,98,126,163,92,153,124,98,163,75,35,9,128,-,-,-,-,-
176,MATIS LOUVEL,TEAM ARKEA - SAMSIC,https://www.letour.fr/en/rider/176/team-arkea-samsic/matis-louvel,"https://img.aso.fr/core_app/img-cycling-tdf-png/176/46863/0:0,660:1000-300-0-70/e87a6",FRA,1999-07-19,24,1,0,4,10,51,77,162,31,97,42,11,11,72,67,114,80,139,53,77,100,-,-,-,-,-
177,LUCA MOZZATO,TEAM ARKEA - SAMSIC,https://www.letour.fr/en/rider/177/team-arkea-samsic/luca-mozzato,"https://img.aso.fr/core_app/img-cycling-tdf-png/177/46865/0:0,660:1000-300-0-70/462e7",ITA,1998-02-15,25,0,0,3,17,166,149,12,12,145,159,4,140,126,133,7,143,71,127,121,131,-,-,-,-,-
178,LAURENT PICHON,TEAM ARKEA - SAMSIC,https://www.letour.fr/en/rider/178/team-arkea-samsic/laurent-pichon,"https://img.aso.fr/core_app/img-cycling-tdf-png/178/46866/0:0,660:1000-300-0-70/82dd2",FRA,1986-07-19,37,1,0,7,33,162,138,170,128,142,108,124,137,89,137,100,125,82,95,94,106,-,-,-,-,-
181,CALEB EWAN,LOTTO DSTNY,https://www.letour.fr/en/rider/181/lotto-dstny/caleb-ewan,"https://img.aso.fr/core_app/img-cycling-tdf-png/181/46868/0:0,660:1000-300-0-70/956c0",AUS,1994-07-11,29,0,0,74,163,150,132,3,2,168,132,45,49,143,166,15,167,DNF.,-,-,-,-,-,-,-,-
182,VICTOR CAMPENAERTS,LOTTO DSTNY,https://www.letour.fr/en/rider/182/lotto-dstny/victor-campenaerts,"https://img.aso.fr/core_app/img-cycling-tdf-png/182/46869/0:0,660:1000-300-0-70/05433",BEL,1991-10-28,31,0,0,11,39,72,42,23,79,84,144,160,74,12,69,60,10,62,113,155,155,-,-,-,-,-
183,JASPER DE BUYST,LOTTO DSTNY,https://www.letour.fr/en/rider/183/lotto-dstny/jasper-de-buyst,"https://img.aso.fr/core_app/img-cycling-tdf-png/183/46870/0:0,660:1000-300-0-70/44b9b",BEL,1993-11-24,29,0,0,7,26,159,174,165,167,159,130,94,7,107,89,30,166,127,108,117,113,-,-,-,-,-
184,PASCAL EENKHOORN,LOTTO DSTNY,https://www.letour.fr/en/rider/184/lotto-dstny/pascal-eenkhoorn,"https://img.aso.fr/core_app/img-cycling-tdf-png/184/46872/0:0,660:1000-300-0-70/616ee",NED,1997-02-08,26,1,0,11,26,161,62,138,166,86,63,171,57,106,15,133,54,113,97,127,144,-,-,-,-,-
185,FREDERIK FRISON,LOTTO DSTNY,https://www.letour.fr/en/rider/185/lotto-dstny/frederik-frison,"https://img.aso.fr/core_app/img-cycling-tdf-png/185/46871/0:0,660:1000-300-0-70/2214f",BEL,1992-07-28,30,0,0,1,9,156,130,116,104,165,139,108,160,119,168,64,110,165,115,128,115,-,-,-,-,-
186,JACOPO GUARNIERI,LOTTO DSTNY,https://www.letour.fr/en/rider/186/lotto-dstny/jacopo-guarnieri,"https://img.aso.fr/core_app/img-cycling-tdf-png/186/46877/0:0,660:1000-300-0-70/c8359",ITA,1987-08-14,35,0,0,11,28,175,150,87,173,DNF.,-,-,-,-,-,-,-,-,-,-,-,-,-,-,-,-
187,MAXIM VAN GILS,LOTTO DSTNY,https://www.letour.fr/en/rider/187/lotto-dstny/maxim-van-gils,"https://img.aso.fr/core_app/img-cycling-tdf-png/187/46873/0:0,660:1000-300-0-70/9c8c7",BEL,1999-11-25,23,0,0,3,11,17,102,122,140,51,133,140,28,91,14,59,11,2,102,90,78,-,-,-,-,-
188,FLORIAN VERMEERSCH,LOTTO DSTNY,https://www.letour.fr/en/rider/188/lotto-dstny/florian-vermeersch,"https://img.aso.fr/core_app/img-cycling-tdf-png/188/46876/0:0,660:1000-300-0-70/86cf6",BEL,1999-03-12,24,0,0,2,7,112,99,123,103,129,129,98,110,108,167,99,77,164,114,118,36,-,-,-,-,-
191,MARK CAVENDISH,ASTANA QAZAQSTAN TEAM,https://www.letour.fr/en/rider/191/astana-qazaqstan-team/mark-cavendish,"https://img.aso.fr/core_app/img-cycling-tdf-png/191/46874/0:0,660:1000-300-0-70/7ad60",GBR,1985-05-21,38,0,0,167,266,170,162,6,5,164,165,2,DNF.,-,-,-,-,-,-,-,-,-,-,-,-,-
192,CEES BOL,ASTANA QAZAQSTAN TEAM,https://www.letour.fr/en/rider/192/astana-qazaqstan-team/cees-bol,"https://img.aso.fr/core_app/img-cycling-tdf-png/192/46875/0:0,660:1000-300-0-70/1cc6c",NED,1995-07-27,27,0,0,9,33,172,163,54,37,163,168,62,14,162,141,12,145,161,156,157,149,-,-,-,-,-
193,DAVID DE LA CRUZ,ASTANA QAZAQSTAN TEAM,https://www.letour.fr/en/rider/193/astana-qazaqstan-team/david-de-la-cruz-melgarejo,"https://img.aso.fr/core_app/img-cycling-tdf-png/193/46882/0:0,660:1000-300-0-70/aad0e",ESP,1989-05-06,34,0,0,5,16,48,160,147,133,54,29,164,99,10,24,161,DNF.,-,-,-,-,-,-,-,-,-
194,YEVGENIY FEDOROV,ASTANA QAZAQSTAN TEAM,https://www.letour.fr/en/rider/194/astana-qazaqstan-team/yevgeniy-fedorov,"https://img.aso.fr/core_app/img-cycling-tdf-png/194/46880/0:0,660:1000-300-0-70/dbecf",KAZ,2000-02-16,23,0,0,12,22,174,161,174,107,166,167,172,159,120,117,97,109,119,111,133,91,-,-,-,-,-
195,ALEXEY LUTSENKO,ASTANA QAZAQSTAN TEAM,https://www.letour.fr/en/rider/195/astana-qazaqstan-team/alexey-lutsenko,"https://img.aso.fr/core_app/img-cycling-tdf-png/195/46878/0:0,660:1000-300-0-70/fc7d3",KAZ,1992-09-07,30,0,0,41,80,91,76,106,101,91,83,156,134,7,132,142,42,87,24,33,16,-,-,-,-,-
196,GIANNI MOSCON,ASTANA QAZAQSTAN TEAM,https://www.letour.fr/en/rider/196/astana-qazaqstan-team/gianni-moscon,"https://img.aso.fr/core_app/img-cycling-tdf-png/196/46881/0:0,660:1000-300-0-70/30d88",ITA,1994-04-20,29,0,0,15,29,169,164,149,108,169,166,93,98,155,85,73,139,126,112,95,31,-,-,-,-,-
197,LUIS LEON SANCHEZ,ASTANA QAZAQSTAN TEAM,https://www.letour.fr/en/rider/197/astana-qazaqstan-team/luis-leon-sanchez,"https://img.aso.fr/core_app/img-cycling-tdf-png/197/46887/0:0,660:1000-300-0-70/6c427",ESP,1983-11-24,39,0,0,47,116,38,67,27,174,DNF.,-,-,-,-,-,-,-,-,-,-,-,-,-,-,-,-
198,HAROLD ALFONSO TEJADA CANACUE,ASTANA QAZAQSTAN TEAM,https://www.letour.fr/en/rider/198/astana-qazaqstan-team/harold-alfonso-tejada-canacue,"https://img.aso.fr/core_app/img-cycling-tdf-png/198/46888/0:0,660:1000-300-0-70/71aea",COL,1997-04-27,26,0,0,3,4,26,26,65,83,43,50,121,34,29,109,80,107,8,68,32,22,-,-,-,-,-
201,ALEXANDER KRISTOFF,UNO-X PRO CYCLING TEAM,https://www.letour.fr/en/rider/201/uno-x-pro-cycling-team/alexander-kristoff,"https://img.aso.fr/core_app/img-cycling-tdf-png/201/46879/0:0,660:1000-300-0-70/1b568",NOR,1987-07-05,36,0,0,92,224,165,153,14,7,116,156,9,101,151,100,6,138,154,143,147,120,-,-,-,-,-
202,JONAS ABRAHAMSEN,UNO-X PRO CYCLING TEAM,https://www.letour.fr/en/rider/202/uno-x-pro-cycling-team/jonas-abrahamsen,"https://img.aso.fr/core_app/img-cycling-tdf-png/202/46886/0:0,660:1000-300-0-70/b2249",NOR,1995-09-20,27,1,0,1,4,139,152,31,129,81,136,14,86,71,17,84,118,97,69,45,73,-,-,-,-,-
203,ANTHON CHARMIG,UNO-X PRO CYCLING TEAM,https://www.letour.fr/en/rider/203/uno-x-pro-cycling-team/anthon-charmig,"https://img.aso.fr/core_app/img-cycling-tdf-png/203/46884/0:0,660:1000-300-0-70/227e5",DEN,1998-03-25,25,0,0,3,16,57,69,171,138,139,114,104,142,95,113,145,112,29,122,129,147,-,-,-,-,-
204,TOBIAS HALLAND JOHANNESSEN,UNO-X PRO CYCLING TEAM,https://www.letour.fr/en/rider/204/uno-x-pro-cycling-team/tobias-halland-johannessen,"https://img.aso.fr/core_app/img-cycling-tdf-png/204/46892/0:0,660:1000-300-0-70/76757",NOR,1999-08-23,23,0,0,6,20,30,34,136,105,77,3,142,117,93,12,87,5,106,79,72,52,-,-,-,-,-
205,RASMUS TILLER,UNO-X PRO CYCLING TEAM,https://www.letour.fr/en/rider/205/uno-x-pro-cycling-team/rasmus-tiller,"https://img.aso.fr/core_app/img-cycling-tdf-png/205/46883/0:0,660:1000-300-0-70/4ff2e",NOR,1996-07-28,26,0,0,5,14,140,96,127,111,134,134,103,8,97,94,62,134,101,121,132,94,-,-,-,-,-
206,TORSTEIN TRÆEN,UNO-X PRO CYCLING TEAM,https://www.letour.fr/en/rider/206/uno-x-pro-cycling-team/torstein-traeen,"https://img.aso.fr/core_app/img-cycling-tdf-png/206/46885/0:0,660:1000-300-0-70/e901f",NOR,1995-07-16,28,0,0,1,10,65,154,141,136,147,143,143,163,152,93,92,79,99,135,34,107,-,-,-,-,-
207,SØREN WÆRENSKJOLD,UNO-X PRO CYCLING TEAM,https://www.letour.fr/en/rider/207/uno-x-pro-cycling-team/soeren-waerenskjold,"https://img.aso.fr/core_app/img-cycling-tdf-png/207/46889/0:0,660:1000-300-0-70/b400f",NOR,2000-03-12,23,0,0,18,41,141,171,15,154,156,128,18,63,169,146,17,119,153,153,124,123,-,-,-,-,-
208,GREGAARD JONAS WILSLY,UNO-X PRO CYCLING TEAM,https://www.letour.fr/en/rider/208/uno-x-pro-cycling-team/gregaard-jonas-wilsly,"https://img.aso.fr/core_app/img-cycling-tdf-png/208/46890/0:0,660:1000-300-0-70/b6a4a",DEN,1996-07-30,26,0,0,4,17,164,88,154,141,70,33,155,111,8,75,131,78,98,38,60,43,-,-,-,-,-
211,PETER SAGAN,TOTALENERGIES,https://www.letour.fr/en/rider/211/totalenergies/peter-sagan,"https://img.aso.fr/core_app/img-cycling-tdf-png/211/46895/0:0,660:1000-300-0-70/f2a76",SVK,1990-01-26,33,0,0,132,321,148,117,19,13,135,155,17,16,154,130,8,154,158,141,137,86,-,-,-,-,-
212,EDVALD BOASSON-HAGEN,TOTALENERGIES,https://www.letour.fr/en/rider/212/totalenergies/edvald-boasson-hagen,"https://img.aso.fr/core_app/img-cycling-tdf-png/212/46891/0:0,660:1000-300-0-70/6dfe4",NOR,1987-05-17,36,1,0,105,235,83,115,40,29,80,100,61,71,94,79,55,133,96,93,103,134,-,-,-,-,-
213,MATHIEU BURGAUDEAU,TOTALENERGIES,https://www.letour.fr/en/rider/213/totalenergies/mathieu-burgaudeau,"https://img.aso.fr/core_app/img-cycling-tdf-png/213/46893/0:0,660:1000-300-0-70/04c56",FRA,1998-11-17,24,0,0,3,13,50,70,111,139,41,61,111,75,9,20,124,2,57,61,3,35,-,-,-,-,-
214,STEFF CRAS,TOTALENERGIES,https://www.letour.fr/en/rider/214/totalenergies/steff-cras,"https://img.aso.fr/core_app/img-cycling-tdf-png/214/46896/0:0,660:1000-300-0-70/9a130",BEL,1996-02-13,27,0,0,1,8,19,10,69,77,28,19,47,DNF.,-,-,-,-,-,-,-,-,-,-,-,-,-
215,VALENTIN FERRON,TOTALENERGIES,https://www.letour.fr/en/rider/215/totalenergies/valentin-ferron,"https://img.aso.fr/core_app/img-cycling-tdf-png/215/46899/0:0,660:1000-300-0-70/4995f",FRA,1998-02-08,25,0,0,3,11,167,97,91,91,73,52,112,95,100,86,111,93,72,84,70,63,-,-,-,-,-
216,PIERRE LATOUR,TOTALENERGIES,https://www.letour.fr/en/rider/216/totalenergies/pierre-latour,"https://img.aso.fr/core_app/img-cycling-tdf-png/216/46894/0:0,660:1000-300-0-70/b6788",FRA,1993-10-12,29,0,0,7,42,76,118,118,143,158,85,130,104,2,131,149,104,36,83,112,17,-,-,-,-,-
217,DANIEL OSS,TOTALENERGIES,https://www.letour.fr/en/rider/217/totalenergies/daniel-oss,"https://img.aso.fr/core_app/img-cycling-tdf-png/217/46897/0:0,660:1000-300-0-70/134f7",ITA,1987-01-13,36,0,0,2,19,96,93,36,64,109,99,67,97,86,84,168,85,108,63,96,99,-,-,-,-,-
218,ANTHONY TURGIS,TOTALENERGIES,https://www.letour.fr/en/rider/218/totalenergies/anthony-turgis,"https://img.aso.fr/core_app/img-cycling-tdf-png/218/46898/0:0,660:1000-300-0-70/60040",FRA,1994-05-16,29,0,0,7,25,52,119,139,127,157,94,95,103,114,88,68,82,95,107,111,110,-,-,-,-,-
